<?xml version="1.0" encoding="UTF-8" standalone="yes"?>
<manifest>
  <control namespace="jinc" constructor="GridCard" version="0.0.24" display-name-key="GridCard_Display_Key" description-key="GridCard_desc_key" control-type="standard" preview-image="images/gridcard_thumb.png" api-version="1.2.1">
    <data-set name="GridCardDataSet" display-name-key="GridCardDataSet_Display_Key"/>
    <property name="primaryFieldName" display-name-key="GridCard_primaryField_Display_Key" description-key="GridCard_primaryField_Desc_Key" of-type="SingleLine.Text" usage="input" required="true" default-value="name"/>
    <resources>
      <code path="bundle.js" order="1"/>
      <css path="css/GridCard.css" order="1"/>
      <resx path="strings/GridCard.1033.resx" version="1.0.0"/>
    </resources>
    <built-by name="pac" version="1.0.6"/>
  </control>
</manifest>